# Host: tjkftp.top:3507  (Version: 5.1.73)
# Date: 2017-06-15 17:42:55
# Generator: MySQL-Front 5.3  (Build 4.214)

/*!40101 SET NAMES utf8 */;

#
# Structure for table "book_info"
#

DROP TABLE IF EXISTS `book_info`;
CREATE TABLE `book_info` (
  `Book_Id` int(11) NOT NULL AUTO_INCREMENT,
  `Book_Name` varchar(255) DEFAULT NULL,
  `Author` varchar(255) DEFAULT NULL,
  `Types_Of_Book` varchar(255) DEFAULT NULL,
  `Borrowd` bigint(20) DEFAULT '0',
  `Date_Issued` varchar(255) DEFAULT NULL,
  `Price` int(11) DEFAULT '0',
  `Book_Info` varchar(255) DEFAULT 'book_info\\Book_Info_demo.json',
  `Book_Img` varchar(255) DEFAULT 'images/Book_Main_imgs/demo.jpg',
  PRIMARY KEY (`Book_Id`)
) ENGINE=InnoDB AUTO_INCREMENT=2014002115 DEFAULT CHARSET=utf8;

#
# Data for table "book_info"
#

INSERT INTO `book_info` VALUES (2014002010,'c程序设计教程','谭浩强','计算机科学',13,'2015-05-09',44,'book_info\\Book_Info_2014002010.json','images/Book_Main_imgs/demo.jpg'),(2014002011,'军事理论','金凤','实时政治',32,'2016-03-09',53,'book_info\\Book_Info_2014002011.json','images/Book_Main_imgs/img2014002011.jpg'),(2014002012,'线性代数','居于马','专业理科',23,'2016-07-23',24,'book_info\\Book_Info_2014002012.json','images/Book_Main_imgs/img2014002012.jpg'),(2014002013,'魅力江西','于国庆','课外读物',52,'2015-05-23',63,'book_info\\Book_Info_2014002013.json','images/Book_Main_imgs/demo.jpg'),(2014002014,'深入浅出Java Web','清华大学','计算机科学',20,'2016-07-23',53,'book_info\\Book_Info_2014002014.json','images/Book_Main_imgs/img2014002014.jpg'),(2014002015,'思想道德修养与法律基础','增广东','时事政治',21,'2016-08-01',42,'book_info\\Book_Info_2014002015.json','images/Book_Main_imgs/demo.jpg'),(2014002016,'新世纪大学英语','图斯里','高级英语',25,'2015-01-02',35,'book_info\\Book_Info_2014002016.json','images/Book_Main_imgs/demo.jpg'),(2014002017,'计算机操作系统','吴庆初','计算机科学',23,'2015-01-03',33,'book_info\\Book_Info_2014002017.json','images/Book_Main_imgs/demo.jpg'),(2014002018,'算法设计与分析','张晓霞','计算机科学',160,'2015-01-04',44,'book_info\\Book_Info_2014002018.json','images/Book_Main_imgs/demo.jpg'),(2014002019,'软件工程导论','苏林','软件工程',55,'2015-01-06',58,'book_info\\Book_Info_2014002019.json','images/Book_Main_imgs/demo.jpg'),(2014002020,'数据结构','姚麒麟','计算机科学',44,'2015-01-07',37,'book_info\\Book_Info_2014002020.json','images/Book_Main_imgs/img2014002020.jpg'),(2014002021,'Java面向对象设计','刘美英','软件设计',26,'2015-01-08',87,'book_info\\Book_Info_2014002021.json','images/Book_Main_imgs/img2014002021.jpg'),(2014002022,'数字电路与逻辑设计','胡金莲','计算机科学',43,'2015-01-11',39,'book_info\\Book_Info_2014002022.json','images/Book_Main_imgs/img2014002022.jpg'),(2014002023,'大学职业生涯规划','刘志华','课外读物',46,'2015-01-14',29,'book_info\\Book_Info_2014002023.json','images/Book_Main_imgs/demo.jpg'),(2014002024,'大学体育理论与实践','消飞','课外读物',22,'2015-01-15',27,'book_info\\Book_Info_2014002024.json','images/Book_Main_imgs/demo.jpg'),(2014002025,'Java从入门到放弃','狗子','计算机科学',300,'2015-01-07',40,'book_info\\Book_Info_2014002025.json','images/Book_Main_imgs/img2014002025.jpg'),(2014002026,'数据结构(java语言描述)','刘大','计算机科学',33,'2015-01-07',50,'book_info\\Book_Info_2014002026.json','images/Book_Main_imgs/img2014002026.jpg'),(2014002027,'Java SE程序设计','甲骨文','计算机科学',30,'2015-01-07',67,'book_info\\Book_Info_2014002027.json','images/Book_Main_imgs/img2014002027.jpg'),(2014002028,'Java ME指南','甲骨文','计算机科学',12,'2015-01-07',49,'book_info\\Book_Info_2014002028.json','images/Book_Main_imgs/img2014002028.jpg'),(2014002029,'他改变了师大：刘道林传','Robert Lawrence Kuhn','人文艺术',250,'2015-09-08',1,'book_info\\Book_Info_2014002029.json','images/Book_Main_imgs/img2014002029.jpg'),(2014002030,'刘道林日记','刘道林','人文艺术',17,'2016-08-20',2,'book_info\\Book_Info_2014002030.json','images/Book_Main_imgs/img2014002030.jpg'),(2014002031,'计算机网络','陈鸣','计算机科学',3,'2015-06-05',34,'book_info\\Book_Info_2014002031.json','images/Book_Main_imgs/demo.jpg'),(2014002032,'数据库系统概论','萨师煊','计算机科学',8,'2015-09-08',32,'book_info\\Book_Info_2014002032.json','images/Book_Main_imgs/img2014002032.jpg'),(2014002033,'刘道林在北平','Miss.Liu','人文艺术',36,'2016-09-09',65,'book_info\\Book_Info_2014002033.json','images/Book_Main_imgs/img2014002033.jpg'),(2014002034,'刘道林家书','刘道林','人文艺术',321,'2019-01-17',38,'book_info\\Book_Info_2014002034.json','images/Book_Main_imgs/img2014002034.jpg'),(2014002041,'高等数学','同济大学','专业理科',15,'2015-07-22',54,'book_info\\Book_Info_2014002041.json','images/Book_Main_imgs/img2014002041.jpg'),(2014002051,'Java Web程序设计','超级人','计算机科学',30,'2016-09-09',56,'book_info\\Book_Info_2014002051.json','images/Book_Main_imgs/img2014002051.jpg'),(2014002061,'计算机组成原理','张光河','计算机科学',22,'2015-03-11',23,'book_info\\Book_Info_2014002061.json','images/Book_Main_imgs/demo.jpg'),(2014002071,'c#图解教程','苏林','计算机科学',33,'2016-03-03',21,'book_info\\Book_Info_2014002071.json','images/Book_Main_imgs/demo.jpg'),(2014002081,'第一行代码：Java','郭林','计算机科学',45,'2014-06-06',48,'book_info\\Book_Info_2014002081.json','images/Book_Main_imgs/img2014002081.jpg'),(2014002091,'毛泽东思想和中国社会主义理论体系概伦','吴树青','政治实时',11,'2015-04-07',47,'book_info\\Book_Info_2014002091.json','images/Book_Main_imgs/demo.jpg'),(2014002092,'刘道林的奇闻轶事','村上春树','人文艺术',0,'2017-09-11',60,'book_info\\Book_Info_2014002092.json','images/Book_Main_imgs/demo.jpg'),(2014002093,'狂人日记','鲁迅','人文科学',77,'2016-01-03',33,'book_info\\Book_Info_2014002093.json','images/Book_Main_imgs/img2014002093.jpg'),(2014002094,'Matlab智能算法30个案例分析','清华大学','计算机科学',0,'2018-10-10',55,'book_info\\Book_Info_2014002094.json','images/Book_Main_imgs/demo.jpg'),(2014002103,'二狗子三猪','狗子','生物科学研究',0,'2017-1-04',1,'book_info\\Book_Info_2014002103.json','images/Book_Main_imgs/img2014002103.jpg'),(2014002104,'测试','测试卷','测试',10,'2014-10-10',20,'book_info\\Book_Info_2014002104.json','images/Book_Main_imgs/img2014002104.jpg'),(2014002106,'我的职业是小说家',' [日] 村上春树 ','海外文学',10,'2017-1-1',10,'book_info\\Book_Info_2014002106.json','images/Book_Main_imgs/img2014002106.jpg'),(2014002107,'跟菲利大叔学手绘：漫步水彩',' [德] 菲利克斯·沙因伯格 ','人文艺术',10,'2017-1-1',40,'book_info\\Book_Info_2014002107.json','images/Book_Main_imgs/img2014002107.jpg'),(2014002108,'重生',' [美] 斯蒂芬·金 ','人文文艺',23,'2016-12-01',90,'book_info\\Book_Info_2014002108.json','images/Book_Main_imgs/img2014002108.jpg'),(2014002109,'直到那一天','[法] 米歇尔·普西 ','海外文学',1,'2016-12-13',100,'book_info\\Book_Info_2014002109.json','images/Book_Main_imgs/img2014002109.jpg'),(2014002112,'刘盗铃传奇','刘枭','计算机科学',22,'2017-09-09',111,'book_info\\Book_Info_demo.json','images/Book_Main_imgs/demo.jpg'),(2014002114,'测试','测试','计算机',20,'2017-10-10',10,'book_info\\Book_Info_demo.json','images/Book_Main_imgs/demo.jpg');

#
# Structure for table "collect_record"
#

DROP TABLE IF EXISTS `collect_record`;
CREATE TABLE `collect_record` (
  `Record_Id` int(9) NOT NULL AUTO_INCREMENT,
  `Book_Id` int(11) NOT NULL DEFAULT '0',
  `User_Id` varchar(33) NOT NULL DEFAULT '',
  `Record_Time` varchar(255) NOT NULL DEFAULT '',
  PRIMARY KEY (`Record_Id`)
) ENGINE=InnoDB AUTO_INCREMENT=335 DEFAULT CHARSET=utf8;

#
# Data for table "collect_record"
#

INSERT INTO `collect_record` VALUES (317,2014002014,'777@777','Tue Jun 13 19:54:33 CST 2017'),(323,2014002010,'liuu@123.com','Wed Jun 14 08:34:41 CST 2017'),(325,2014002014,'pipi@pipi.com','Wed Jun 14 08:36:41 CST 2017'),(327,2014002030,'liuu@123.com','Wed Jun 14 09:05:22 CST 2017'),(328,2014002030,'liuu@123.com','Wed Jun 14 09:07:05 CST 2017'),(330,2014002014,'666@666','Wed Jun 14 13:43:18 CST 2017'),(331,2014002014,'233@233.com','Wed Jun 14 14:16:58 CST 2017'),(332,2014002025,'a001@11.com','Wed Jun 14 14:25:51 CST 2017'),(333,2014002025,'26483@qq.com','Thu Jun 15 08:34:48 CST 2017'),(334,2014002104,'admin@admin','Thu Jun 15 08:38:34 CST 2017');

#
# Structure for table "order"
#

DROP TABLE IF EXISTS `order`;
CREATE TABLE `order` (
  `Id` int(11) NOT NULL AUTO_INCREMENT,
  `order_no` varchar(255) DEFAULT NULL,
  `order_date` varchar(255) DEFAULT NULL,
  `order_num` varchar(255) DEFAULT NULL,
  `order_price` varchar(255) DEFAULT NULL,
  PRIMARY KEY (`Id`)
) ENGINE=MyISAM AUTO_INCREMENT=3 DEFAULT CHARSET=utf8;

#
# Data for table "order"
#

/*!40000 ALTER TABLE `order` DISABLE KEYS */;
INSERT INTO `order` VALUES (1,'1001','2014-08-09','10','153'),(2,'1002','2014-08-09','2','73.0');
/*!40000 ALTER TABLE `order` ENABLE KEYS */;

#
# Structure for table "tb_book_info"
#

DROP TABLE IF EXISTS `tb_book_info`;
CREATE TABLE `tb_book_info` (
  `Book_Id` int(11) NOT NULL AUTO_INCREMENT,
  `Book_Name` varchar(255) DEFAULT NULL,
  `Author` varchar(255) DEFAULT NULL,
  `Types_Of_Book` varchar(255) DEFAULT NULL,
  `Borrowd` bigint(20) DEFAULT '0',
  `Date_Issued` varchar(255) DEFAULT NULL,
  `Price` int(11) DEFAULT '0',
  `Book_Info` text,
  `Book_Img` varchar(255) DEFAULT 'images/Book_Main_imgs/demo.jpg',
  PRIMARY KEY (`Book_Id`)
) ENGINE=InnoDB AUTO_INCREMENT=2014002128 DEFAULT CHARSET=utf8 ROW_FORMAT=COMPACT;

#
# Data for table "tb_book_info"
#

INSERT INTO `tb_book_info` VALUES (2014002010,'c程序设计教程','谭浩强','计算机科学',13,'2015-05-09',44,'Java Web，是用Java技术来解决相关web互联网领域的技术总和。web包括：web服务器和web客户端两部分。Java在客户端的应用有java applet，不过使用得很少，Java在服务器端的应用非常的丰富，比如Servlet，JSP和第三方框架等等。Java技术对Web领域的发展注入了强大的动力。\n詹姆斯·戈士林博士以“Java技术之父”闻名于世。\n他是Java技术的创始人， 作为Sun研究院院士，他亲手设计了Java语言，完成了Java技术的原始编译器和虚拟机。在他的带领下，Java现已成为互联网的标准编程模式以及分布式企业级应用的事实标准，其跨平台的技术优势为网络计算带来了划时代的变革。戈士林博士积极致力于软件开发工具的研究，以使软件开发工具的功能更强大，更容易为开发人员所使用，确保应用、服务开发的迅速完成。\nJava技术是Sun公司在1995年5月正式推出的。20多年来，Java已从编程语言发展成为全球第一大通用开发平台。Java技术已为计算机行业主要公司所采纳，同时也被越来越多的国际技术标准化组织所接受。1999年，Sun推出了以Java 2平台为核心的J2EE、J2SE和J2ME三大平台。随着三大平台的迅速推进，在世界上形成了一股巨大的Java应用浪潮。同时，Java技术还引发了一场无法停止的大变革，为整个Java社团带来了巨大的潮水般的商业机会。[1] \nJava技术及其应用将有更大的发展。据IDC预计，自2001年起的其后5年内，采用Java的IT产品的价值将翻番，在2006年将达到4.53亿美元，年增长率为14.9%。截止到2003年5月，注册Java Developer Connection (JDC)的Java开发商超过300万人，对JRE(Java运行环境)的下载达7,200万次。Sun在JavaOne 2003大会上确定的目标是，在3～5年内使Java技术开发商从今天的300万发展到1,000万，以支持Java技术这一全球领先技术平台的显赫地位。[1] ','images/Book_Main_imgs/demo.jpg'),(2014002011,'军事理论','金凤','实时政治',32,'2016-03-09',53,'本教材以国防教育为主线，通过军事理论课教学，使学生掌握基本军事技能和军事理论，增强国防观念、国家安全意识，加强组织性、纪律性，弘扬爱国主义、集体主义和革命英雄主义精神。本着磨练意志品质，激发战胜困难的信心和勇气，培养艰苦奋斗、吃苦耐劳的作风，树立正确的世界观、人生观和价值观，全面提高综合素质，为中国人民解放军训练后备兵员和培养预备役军官打下坚实基础的目的，我们组织编写了这本《军事理论》教材。[1] ','images/Book_Main_imgs/img2014002011.jpg'),(2014002012,'线性代数','居于马','专业理科',23,'2016-07-23',24,'　线性代数是数学的一个分支，它的研究对象是向量，向量空间（或称线性空间），线性变换和有限维的线性方程组。向量空间是现代数学的一个重要课题；因而，线性代数被广泛地应用于抽象代数和泛函分析中；通过解析几何，线性代数得以被具体表示。线性代数的理论已被泛化为算子理论。由于科学研究中的非线性模型通常可以被近似为线性模型，使得线性代数被广泛地应用于自然科学和社会科学中。\r\n线性代数作为一个独立的分支在20世纪才形成，然而它的历史却非常久远。“鸡兔同笼”问题实际上就是一个简单的线性方程组求解的问题。最古老的线性问题是线性方程组的解法，在中国古代的数学著作《九章算术·方程》章中，已经作了比较完整的叙述，其中所述方法实质上相当于现代的对方程组的增广矩阵的行施行初等变换，消去未知量的方法。\r\n由于费马和笛卡儿的工作，现代意义的线性代数基本上出现于十七世纪。直到十八世纪末，线性代数的领域还只限于平面与空间。十九世纪上半叶才完成了到n维线性空间的过渡。\r\n随着研究线性方程组和变量的线性变换问题的深入，行列式和矩阵在18～19世纪期间先后产生，为处理线性问题提供了有力的工具，从而推动了线性代数的发展。向量概念的引入，形成了向量空间的概念。凡是线性问题都可以用向量空间的观点加以讨论。因此，向量空间及其线性变换，以及与此相联系的矩阵理论，构成了线性代数的中心内容。\r\n矩阵论始于凯莱，在十九世纪下半叶，因若当的工作而达到了它的顶点。1888年，皮亚诺以公理的方式定义了有限维或无限维线性空间。托普利茨将线性代数的主要定理推广到任意体（domain）上的最一般的向量空间中。线性映射的概念在大多数情况下能够摆脱矩阵计算而不依赖于基的选择。不用交换体而用未必交换之体或环作为算子之定义域，这就引向模（module）的概念，这一概念很显著地推广了线性空间的理论和重新整理了十九世纪所研究过的情况。\r\n“代数”这个词在中文中出现较晚，在清代时才传入中国，当时被人们译成“阿尔热巴拉”，直到1859年，清代著名的数学家、翻译家李善兰才将它翻译成为“代数学”，之后一直沿用。','images/Book_Main_imgs/img2014002012.jpg'),(2014002013,'魅力江西','于国庆','课外读物',52,'2015-05-23',63,'《江西省情教育读本?魅力江西》分绿色家园、悠久历史、璀璨文化、红色摇篮、走向辉煌、实现跨越等几个章节，纵贯往昔，横陈现状，全面展示了江西的悠久历史、灿烂文化、优美生态以及发展的巨大潜力和美好前景。有利于增强青少年学生对家乡的认知度、自豪感、荣誉感和责任感，激发他们热爱家乡、建设家乡的热情，既是一部省情教育的生动教材，也为海内外的读者了解江西、认识江西提供了一个新的窗口。','images/Book_Main_imgs/demo.jpg'),(2014002014,'深入浅出Java Web','清华大学','计算机科学',20,'2016-07-23',53,'Java Web，是用Java技术来解决相关web互联网领域的技术总和。web包括：web服务器和web客户端两部分。Java在客户端的应用有java applet，不过使用得很少，Java在服务器端的应用非常的丰富，比如Servlet，JSP和第三方框架等等。Java技术对Web领域的发展注入了强大的动力。詹姆斯·戈士林博士以“Java技术之父”闻名于世。他是Java技术的创始人， 作为Sun研究院院士，他亲手设计了Java语言，完成了Java技术的原始编译器和虚拟机。在他的带领下，Java现已成为互联网的标准编程模式以及分布式企业级应用的事实标准，其跨平台的技术优势为网络计算带来了划时代的变革。戈士林博士积极致力于软件开发工具的研究，以使软件开发工具的功能更强大，更容易为开发人员所使用，确保应用、服务开发的迅速完成。Java技术是Sun公司在1995年5月正式推出的。20多年来，Java已从编程语言发展成为全球第一大通用开发平台。Java技术已为计算机行业主要公司所采纳，同时也被越来越多的国际技术标准化组织所接受。1999年，Sun推出了以Java 2平台为核心的J2EE、J2SE和J2ME三大平台。随着三大平台的迅速推进，在世界上形成了一股巨大的Java应用浪潮。同时，Java技术还引发了一场无法停止的大变革，为整个Java社团带来了巨大的潮水般的商业机会。[1] \nJava技术及其应用将有更大的发展。据IDC预计，自2001年起的其后5年内，采用Java的IT产品的价值将翻番，在2006年将达到4.53亿美元，年增长率为14.9%。截止到2003年5月，注册Java Developer Connection (JDC)的Java开发商超过300万人，对JRE(Java运行环境)的下载达7,200万次。Sun在JavaOne 2003大会上确定的目标是，在3～5年内使Java技术开发商从今天的300万发展到1,000万，以支持Java技术这一全球领先技术平台的显赫地位。[1] ','images/Book_Main_imgs/img2014002014.jpg'),(2014002015,'思想道德修养与法律基础','增广东','时事政治',21,'2016-08-01',42,'《思想道德修养与法律基础》课程是一门以马克思主义、毛泽东思想、邓小平理论、\"三个代表\"重要思想和科学发展观为指导，对大学生进行思想道德修养和法律基础知识教育的一门必修课程。通过本课程的教学，帮助学生逐步形成高尚的道德情操，树立正确的人生观、价值观、道德观和法制观，增强社会主义法制观念，提高思想道德素质，树立体现中华民族道德传统和时代精神的价值标准和行为规范，注重从自己做起，从小事做起，努力把自己培养成为有理想、有道德、有文化、有纪律的一代新人。   ','images/Book_Main_imgs/demo.jpg'),(2014002016,'新世纪大学英语','图斯里','高级英语',25,'2015-01-02',35,'《视听说教程:学生用书1》科学性、系统性和时代性的完美体现：以国内外先进外语教学理论为指导，融多种教学模式和手段为一体，满足一般要求、较高要求和更高要求的分层次教学需要。选材贴近时代、贴近生活；强化听说，注重听、说、读、写、译等技能协调发展；练习编写充分体现实用性、新颖性和可操作性。语言能力和文化素质的同步提升:注重培养学习者的英语思维习惯，开拓跨文化交际视野，实现语言综合应用能力和人文素养的全面提高。分类指导和因材施教的教学原则：综合、视听说、阅读、写作、快速阅读等主干教程和经贸、文化类选修课教程，涵盖语言知识、应用技能、学习策略和跨文化交际，充分满足个性化教学的需要，有助于学生提高语言综合应用能力，从容应对各级语言能力测试。基于计算机和课堂的教学模式：提供完整、多元、立体化的英语教学平台，个性化的学习光盘、方便实用的电子教案、丰富多样的网络资源，使课堂内外教与学充分体现交互性、自主式和合作型的新型教学模式，实现培养学生终身学习能力的教学目标。新世纪大学英语视听教材是按照《大学英语课程教学要求》，由外教社组织国内十余所著名高校英语教学专家，邀请国际知名视听教学专家，为我国大学生度身打造而成。[1] ','images/Book_Main_imgs/demo.jpg'),(2014002017,'计算机操作系统','吴庆初','计算机科学',23,'2015-01-03',33,'本教材全面系统地介绍了现代计算机操作系统的基本概念、原理和实现方法。全书共分十二章,第一章讲述了现代操作系统的发展概况;第二章至第十章分别阐述了操作系统的基本原理 、概念和实现方法,包括中断技术,进程和线程的管理、进程的同步和通信,存储器管理,虚似存储器,处理机调度,死锁问题,设备管理和文件系统;第十一章介绍了,第十三章介绍Windows2000/XP操作系统,并较详细地分析了这两个系统的基本结构、主要的功能模块及其相互之间的关系。\n本书吸收了国内外近几年出版的同类教材的优点,内容丰富,既可以作为计算机和相关专业的教材,也可作为从事计算机工作人员的参考书。','images/Book_Main_imgs/demo.jpg'),(2014002018,'算法设计与分析','张晓霞','计算机科学',160,'2015-01-04',44,'本书主要取材于算法设计与分析领域的经典内容，并介绍了算法设计的发展趋势。内容主要包括非常经典的算法设计技术，例如递归与分治、动态规划、贪心、回溯、分支限界、图算法，也包括了一些高级的算法设计主题，例如网络流和匹配、启发式搜索、线性规划、数论以及计算几何。在算法分析方面，介绍了概率分析以及最新的分摊分析和实验分析方法。在算法的理论方面，介绍了问题的下界、算法的正确性证明以及NP完全理论等方面的内容。\n本书内容基本上涵盖了目前程序设计竞赛所要掌握的算法，并在书后精选了部分ACM国际大学生程序设计竞赛的题目，供大家练习。\n本书可作为计算机科学系、数学系、软件学院等专业本科及研究生课程的教材，特别适合于有志于参加程序设计竞赛的学生学习和训练。','images/Book_Main_imgs/demo.jpg'),(2014002019,'软件工程导论','苏林','软件工程',55,'2015-01-06',58,'《软件工程导论》内容丰富，构思新颖，突破软件工程图书的传统框架，使整个软件工程体系更清晰，从思想和管理出发，自然延\n伸到\n流程、方法、工具和环境，重新阐释了软件工程体系。《软件工程导论》吸收了软件工程的最新进展，适应软件即服务（SaaS）的开发模式，增加了相应的内容，符合当今软件工程的实际需求','images/Book_Main_imgs/demo.jpg'),(2014002020,'数据结构','姚麒麟','计算机科学',44,'2015-01-07',37,'数据结构是计算机存储、组织数据的方式。数据结构是指相互之间存在一种或多种特定关系的数据元素的集合。通常情况下，精心选择的数据结构可以带来更高的运行或者存储效率。数据结构往往同高效的检索算法和索引技术有关。\nSartaj Sahni在他的《数据结构、算法与应用》一书中称：“数据结构是数据对象，以及存在于该对象的实例和组成实 例的数据元素之间的各种联系。这些联系可以通过定义相关的函数来给出。”他将数据对象（data object）定义为“一个数据对象是实例或值的集合”。','images/Book_Main_imgs/img2014002020.jpg'),(2014002021,'Java面向对象设计','刘美英','软件设计',26,'2015-01-08',87,'Java不但是最为流行的计算机语言，而且是优秀的纯面向对象语言，它已成为IT从业人员的必备工具之一。本书从Java的基本概念人手，介绍了Java语言的基础知识与主要功能，系统地分析了Java语言的面向对象的编程机制，并用软件工程的理论和方法，阐述了使用Java语言进行面向对象的程序设计的基本技巧。本书还介绍了一些Java语言的高级特性以及Java EE的基础知识，如多线程、网络编程、数据库连接以及Servlel、JSP等。本书提供了大量的习题和测试题，并另配有习题解析。可供计算机及IT相关专业的本科生作为学习Java语言的教材，也可作为软件开发人员和其他有关人员的参考资料或培训教材。','images/Book_Main_imgs/img2014002021.jpg'),(2014002022,'数字电路与逻辑设计','胡金莲','计算机科学',43,'2015-01-11',39,'数字电路与逻辑设计》于2011年由清华大学出版社出版的图书。本书系统地介绍了数字逻辑基础、集成逻辑门、组合逻辑电路和时序逻辑电路的分析与设计、常用组合逻辑功能器件和时序逻辑功能器件、数模与模数转换器、脉冲信号的产生与变换、可编程逻辑器件及现代数字系统设计等。本书内容精练、实例丰富，应用性强，并附有习题解答，便于教学和自学。本书可作为高等学校通信、信息、光电、计算机、自动化、电子、电力系统及自动化等电类专业和机电一体化、生物技术等非电类专业的本科和专科学生电子技术基础课程的教材。也可以供从事电子技术、计算机应?与开发的科研人员和工程技术人员学习参考，还适于初学者自学使用。','images/Book_Main_imgs/img2014002022.jpg'),(2014002023,'大学职业生涯规划','刘志华','课外读物',46,'2015-01-14',29,'根据中国职业规划师协会的定义：大学生职业生涯规划是指学生在大学期间进行系统的职业生涯规划的过程。它包括大学期间的学习规划、职业规划，职业生涯规划有无的好坏直接影响到大学期间的学习生活质量，更直接影响到求职就业甚至未来职业生涯的成败。从狭义职业生涯规划的角度来看，此阶段主要是职业的准备期，主要目的是在于为未来的就业和事业发展作好准备。客观而言，进行系统的学习和实践至关重要，而能够担此教育重任的人应该具备丰富的职场经验和并接受过系统的职业生涯辅导训练。','images/Book_Main_imgs/demo.jpg'),(2014002024,'大学体育理论与实践','消飞','课外读物',22,'2015-01-15',27,'《大学生体育理论与实践》在“健康第一”观念的支配下，强化体育与健康的天然联系与互动，根据健康三维观，更加重视大学生的身体，心理和社会适应的整体健康水平，坚持“终身体育”的主导思想，从而实现体育与生活的整合，高校体育与家庭体育、社会体育的整合。内容的选择和创新，体现了以人为本的原则，围绕体育与健康这个核心，构建了完整、系统的结构体系，形成了密不可分的学习内容，融合了体育、休闲、生理、环境、社会、安全、卫生、营养、体育保健等诸多学科的理论知识和体育运动实践。强调了理论和实践的统一，把理论和实践有机结合起来。','images/Book_Main_imgs/demo.jpg'),(2014002025,'Java从入门到放弃','狗子','计算机科学',300,'2015-01-07',40,'一个Java程序可以认为是一系列对象的集合，而这些对象通过调用彼此的方法来协同工作。下面简要介绍下类、对象、方法和实例变量的概念。\n对象：对象是类的一个实例，有状态和行为。例如，一条狗是一个对象，它的状态有：颜色、名字、品种；行为有：摇尾巴、叫、吃等。\n类：类是一个模板，它描述一类对象的行为和状态。\n方法：方法就是行为，一个类可以有很多方法。逻辑运算、数据修改以及所有动作都是在方法中完成的。\n实例变量：每个对象都有独特的实例变量，对象的状态由这些实例变量的值决定。','images/Book_Main_imgs/img2014002025.jpg'),(2014002026,'数据结构(java语言描述)','刘大','计算机科学',33,'2015-01-07',50,'本书通过引入学习情境，详细、直观地介绍了数据结构及其算法。全书共9章，内容包括数据结构概述、线性表、堆栈、队列、串、二叉树、图的6种主要数据结构的逻辑结构、存储结构、基本操作及排序和查找算法。全书采用Java语言作为算法描述语言。 本书案例形象生动，层次清晰，讲解深入浅出，可作为计算机及相关专业本、专科“数据结构”课程的教材，也适合各类成人教育相关课程使用，还可以供从事计算机软件开发和应用的工程技术人员阅读、参考。[1] ','images/Book_Main_imgs/img2014002026.jpg'),(2014002027,'Java SE程序设计','甲骨文','计算机科学',30,'2015-01-07',67,'Java se是由Sun Microsystems公司于1995年5月推出的Java程序设计语言和Java平台的总称。用Java实现的HotJava浏览器（支持Java applet）显示了Java的魅力：跨平台、动态的Web、Internet计算。从此，Java被广泛接受并推动了Web的迅速发展，常用的浏览器现在均支持Java applet。目前，Java2平台有3个版本，它们是适用于小型设备和智能卡的Java2平台Micro版（Java2 Platform Micro Edition，JavaME）、适用于桌面系统的Java 2平台标准版（Java2 Platform Standard Edition，Java SE）、适用于创建服务器应用程序和服务的Java 2平台企业版（Java2 Platform Enterprise Edition，Java EE）。\n最新版本：8.0','images/Book_Main_imgs/img2014002027.jpg'),(2014002028,'Java ME指南','甲骨文','计算机科学',12,'2015-01-07',49,'Java ME 以往称作J2ME（Java Platform，Micro Edition），是为机顶盒、移动电话和PDA之类嵌入式消费电子设备提供的Java语言平台，包括虚拟机和一系列标准化的Java API。它和Java SE、Java EE一起构成Java技术的三大版本，并且同样是通过JCP（Java Community Process）制订的。与J2SE和J2EE相比，JAVA ME总体的的运行环境和目标更加多样化，但其中每一种产品的用途却更为单一，而且资源限制也更加严格。为了在达到标准化和兼容性的同时尽量满足不同方面的需求，JAVA ME的架构分为Configuration、Profile和Optional Packages（可选包）。它们的组合取舍形成了具体的运行环境。\nConfiguration主要是对设备纵向的分类，分类依据包括存储和处理能力，其中定义了虚拟机特性和基本的类库。已经标准化的Configuration有- Connected Limited Device Configuration（CLDC）和Connected Device Configuration(CDC）。','images/Book_Main_imgs/img2014002028.jpg'),(2014002029,'他改变了师大：刘道林传','Robert Lawrence Kuhn','人文艺术',250,'2015-09-08',1,'    春节来临之际，上海译文出版社推出的这本《他改变了中国：江泽民传》，是首次中英双语全球同步发行的中国领导人的传记作品。作者罗伯特？劳伦斯？库恩博士是美国著名的国际投资银行家和公司战略家；他还是作家、编辑、学者、科学家、私人投资家和慈善家。现任花旗集团执行董事。库恩博士写作这本书的初衷是通过一位中国领导人的传记向美国读者介绍中国，尤其是介绍当代中国所发生的巨变。库恩博士认为，江泽民的人生故事，与沧桑巨变的中国近80年的历史密切地联系在一起；本书是一部有关战争、贫困、革命、动荡、经济改革、民族转型和崛起于世界的长篇史诗。要想理解今日中国面临的挑战，就必须理解江泽民为中国做出的杰出贡献，从中体味中国的巨变给整个世界带来的影响。在这部政治与个人生活并重的传记中，库恩所展示的江泽民的故事是当代中国的一个缩影。本书详尽介绍了江泽民的人生历程，尤其是阐述和评价了江泽民在担任中国主要领导人的十多年中建立的历史功绩。在国内政治方面，书中着重叙述了1989年后，江泽民同志如何领导全国人民，保持社会稳定，加速经济发展，提高人民生活水平，并最终使中国发生了巨大的变化。书中首次披露了若干重大事件与决策的史实细节。比如，1979年，江泽民在全国人大常委会上作了有关建立经济特区的报告，正是这个报告推动了中国设立经济特区的最终决策；1992年党的十四大召开前，江泽民同志提出用“社会主义市场经济”这一概念来取代“社会主义经济体制”，并使之成为中国改革的新旗帜；2000年，江泽民提出了“三个代表”重要思想，这一思想最终被载入了党章，成为中国共产党在新世纪的指导思想。在国际政治方面，该书叙述了江泽民作为党和国家主要领导人，如何努力把中国建成为充满生机和活力的备受尊重的政治大国、经济大国、文化大国和外交大国。书中还披露了若干重大外交事件的始末，例如在美国轰炸我驻南使馆、南海撞机等事件中，江泽民如何运用其政治智慧，坚持国家立场，维护民族尊严，疏导公众情绪，平稳化解危机，保持社会稳定。在关注江泽民同志的国事活动的同时，该书也广泛涉及他的家庭生活、业余爱好、人品风格等方方面面，丰富、生动、多角度、多侧面地展现传主的风采。\n　 作者罗伯特？劳伦斯？库恩博士对中国的国情、中国的历史、中国的传统文化有着广泛而深刻的了解，长期以来一直关注着中国。他搜集了大量的资料，并对江泽民的亲属、好友及有关工作人员进行了深入细致的采访，在此基础上写成这本书。','images/Book_Main_imgs/img2014002029.jpg'),(2014002030,'刘道林日记','刘道林','人文艺术',17,'2016-08-20',2,'蒋介石日记在首次开放时，一本手抄本《圣经》首次曝光，其中多处有蒋的眉批，非常引人注目。 据代表蒋家审读日记的宋曹琍璇介绍，这本手抄本《圣经》，系由蒋的侍从秘书手抄，为翻译成中文的文言文版本，共6册，蒋氏不仅认真看了3遍，时有圈点、眉批，眉批后，还标有日期。“蒋公对此一丝不苟，他是把信仰当成guideline（指引）了。” 这本《圣经》曾经引起郭岱君极大的兴趣。蒋在世时，外界纷传他笃信基督教，但多为口耳相传，少见可靠证据。这本手抄本《圣经》的出现，以及日记对其个人信仰的记载，可以比较可靠地解释这个疑问。 另外坊间也有传闻认为，蒋出于与宋家联姻的政治目的，才承认自己信仰基督教。 此次公开的蒋氏日记显示，蒋在与宋美龄成婚之前，宋母倪太夫人确有要求蒋信奉基督；蒋当时表现得相当坦诚，他说我不能随口答应你，即使信奉基督，也必须经过自己的研究，待仔细研读《圣经》后再决定，倪太夫人尊重他的态度。1930年，倪太夫人生命的弥留时刻，蒋其实还没有决定成为基督徒，但他在日记中写道，因为岳母对他非常好，为了使老人在离世前得到一点安慰，所以他就在倪夫人去世前，说愿意受洗。 蒋氏的承诺后来确实兑现了，胡佛首次公开的手抄本《圣经》，以及他本人密密麻麻的眉批就是一个令人信服的证明。据日记记载，蒋将这本《圣经》前后通读了三遍，而且眉批中还对基督教的很多主张提出过疑问。 作为接触蒋氏日记最为频繁的人之一，郭岱君认为，蒋介石后来确实成为一个虔诚的基督徒，他在日记里言必称主，在抗战的时候遇到任何困难都进行祷告；在最失败最困顿的时候，他都没有丧失信心，他都没有停止记录自己的言行，而且时刻勉励自己。从中也可以看出他极为强调精神力量的个性，比如抗战中国民党在正面战场屡战屡败，他很痛心；衡阳会战，他本来寄予很大希望，最后还是以失望告终，他在日记中记述说，这次失败对他是一个勉励，一个教训；得意时，他也在日记中提醒自己不要得意忘形，与儒家强调的修身观念非常相近。 1944年下半年，抗日战场日益吃紧的关头，蒋在日记中表示，当时甚至想到自杀。他经常祷告，求主帮助他。他还许诺，如果主能够助自己渡过难关，他一定要建造一个巨大的铁十字架，放在衡山之巅，以示谢恩。 宋曹琍璇透露，受洗后，蒋氏言出必行，每天必早上读圣经，晚上进行祷告。国民党退守台湾后，他在日记中曾多次说到在圣主面前祷告，称如果“神要赋予我这个使命，那么为了中国的统一大业，不惜自己的生命”。他每天早起第一件事就是跪祷。有一篇日记记载，说他有一天凌晨3点就起来跪祷，可此前因为脚痛，医生已经建议他暂停。还有一段记录因为眼疾，朝课跟晚课不得不暂停。可见蒋对待个人信仰规定的仪式可谓中规中矩。 1975年，蒋介石去世，其秘书秦孝仪奉命撰写遗嘱，初稿中曾有“自余束发以来，即追随总理革命，无时不以总理信徒自居”词句，笃信基督教的宋美龄，却指示秦孝仪在原稿中插入“耶稣基督”四字，变成了“无时不以耶稣基督与总理信徒自居”，虽然此举引起朝野及史学界争议，但也反映出蒋对基督的信仰。','images/Book_Main_imgs/img2014002030.jpg'),(2014002031,'计算机网络','陈鸣','计算机科学',3,'2015-06-05',34,'计算机网络也称计算机通信网。关于计算机网络的最简单定义是：一些相互连接的、以共享资源为目的的、自治的计算机的集合。若按此定义，则早期的面向终端的网络都不能算是计算机网络，而只能称为联机系统（因为那时的许多终端不能算是自治的计算机）。但随着硬件价格的下降，许多终端都具有一定的智能，因而“终端”和“自治的计算机”逐渐失去了严格的界限。若用微型计算机作为终端使用，按上述定义，则早期的那种面向终端的网络也可称为计算机网络。\n另外，从逻辑功能上看，计算机网络是以传输信息为基础目的，用通信线路将多个计算机连接起来的计算机系统的集合，一个计算机网络组成包括传输介质和通信设备。\n从用户角度看，计算机网络是这样定义的：存在着一个能为用户自动管理的网络操作系统。由它调用完成用户所调用的资源，而整个网络像一个大的计算机系统一样，对用户是透明的。','images/Book_Main_imgs/demo.jpg'),(2014002032,'数据库系统概论','萨师煊','计算机科学',8,'2015-09-08',32,'王珊 教授，中国人民大学信息学院教授、博士生导师。中国计算机学会副理事长，中国计算机学会数据库专委会主任，教育部第五届科学技术委员会委员，中国科学技术协会第六届全国委员会委员等。\n自1981年以来一直从事数据库方向的教学、科研和系统开发工作。1984—1986年应邀到美国马里兰大学工作，设计和开发可扩展的关系数据库管理系统XDB。回国后主持和承担了国家科技攻关项目、863高科技计划项目、北京市科技计划重大项目、国家自然科学基金重点、重大项目、教育部科技重点计划等40多项；在国内外杂志发表论文200余篇，出版数据库方面的著作20多部。培养和正在培养博士、硕士研究生100多名。\n20多年来她主持研制和开发了多个具有自主版权的数据库管理系统。她的科研和教学成果曾获得多项国家级和省部级科技进步奖、国家级优秀教材奖和国家精品课程以及全国优秀教师和全国五一劳动奖章等荣誉称号。','images/Book_Main_imgs/img2014002032.jpg'),(2014002033,'刘道林在北平','Miss.Liu','人文艺术',36,'2016-09-09',65,'落魄作家为了写作素材，寻访到了一个叫做吴邪的古董铺子老板，而吴邪正准备离开这个城市，临走之前，吴邪和他讲诉了关于自己奇怪的盗墓家族往事，并说出了自己第一次随家族探险所经历的诡异事件。\n那一次他们的家族因为偶然获取了一件特殊的青铜器，追根溯源，寻找到了被掩埋在西域的蛇母古国，他们招募了一批盗墓贼一同前往古城遗址探险，进入了位于古城地下的蛇母陵中，发现了当年古象王与蛇母求长生不死之术的真相。作家听完吴邪的故事，却发现其中有很多疑点，吴邪到底说的是自己的臆想，还是真相更加可怕复杂，因为吴邪的离开变成了永恒之谜[2]  。','images/Book_Main_imgs/img2014002033.jpg'),(2014002034,'刘道林家书','刘道林','人文艺术',321,'2019-01-17',38,'《傅雷家书》最早出版于1981年，是当时轰动性的文化事件，三十多年来一直畅销不衰。它是傅雷夫妇在1954年到1966年5月期间写给傅聪和儿媳弥拉的家信，由次子傅敏编辑而成。[1] \n这些家书开始于1954年傅聪离家留学波兰，终结至1966年傅雷夫妇“文革”中不堪凌辱，双双自尽。十二年通信数百封，贯穿着傅聪出国学习、演奏成名到结婚生子的成长经历，也映照着傅雷的翻译工作、朋友交往以及傅雷一家的命运起伏。傅雷夫妇非常细心，儿子的信都妥善收藏，重点内容则分类抄录成册。\n然而，傅聪的信在“文革”中遗失了，其时傅家家产尽数被抄，傅聪的信也未能幸免。十几年后的一天，上海音乐学院在一间装扫帚等杂物的四平米小屋里，发现了傅雷的一些遗物，其中包括一个黑纸包裹的练习册，标题是《聪儿家信摘录》。1986年，傅聪得知此事后，却坚决不同意发表这些信，因为自感年轻时思想和文字过于稚嫩，无法与父亲相提并论。[2] \n因此以前各个版本的《傅雷家书》往往只是傅雷一人的独白，我们只能想像或猜测傅聪如何回应他的父亲，这不能不说是一大遗憾。[2-4] ','images/Book_Main_imgs/img2014002034.jpg'),(2014002041,'高等数学','同济大学','专业理科',15,'2015-07-22',54,'在中国理工科各类专业的学生（数学专业除外，数学专业学数学分析），学的数学较难，课本常称“高等数学”；文史科各类专业的学生，学的数学稍微浅一些，课本常称“微积分”。理工科的不同专业，文史科的不同专业，深浅程度又各不相同。研究变量的是高等数学，可高等数学并不只研究变量。至于与“高等数学”相伴的课程通常有：线性代数（数学专业学高等代数），概率论与数理统计（有些数学专业分开学）。\n初等数学研究的是常量与匀变量，高等数学研究的是非匀变量。高等数学（它是几门课程的总称）是理、工科院校一门重要的基础学科，也是非数学专业理工科专业学生的必修数学课,也是其它某些专业的必修课。','images/Book_Main_imgs/img2014002041.jpg'),(2014002051,'Java Web程序设计','超级人','计算机科学',30,'2016-09-09',56,'《Java Web程序设计》提供了所有实例的源代码，以及开发过程中用到的软件，供读者学习参考使用。\n《Java Web程序设计》为学校教学量身定做，每个章节都有建议的课时。《Java Web程序设计》供高校Java Web开发相关课程使用，也可供有Java SE基础但没有Java Web开发基础的程序员作为入门用书，还可供社会Java Web开发培训班作为教材使用，对于缺乏项目实战经验的程序员来说可用于快速积累项目开发经验。','images/Book_Main_imgs/img2014002051.jpg'),(2014002061,'计算机组成原理','张光河','计算机科学',22,'2015-03-11',23,'《计算机组成原理》系统地介绍了计算机的基本组成原理和内部工作机制。《计算机组成原理》共分8章，主要内容分成两个部分：第1、2章介绍了计算机的基础知识；第3～8章介绍了计算机的各子系统（包括运算器、存储器、控制器、外部设备和输入输出子系统等）的基本组成原理、设计方法、相互关系以及各子系统互相连接构成整机系统的技术。\n《计算机组成原理》讲述了计算机的一般原理，并注意到与实际应用相结合。全书内容由浅入深，每章之后均附有习题，便于自学。\n《计算机组成原理》可以作为高等院校计算机及相关专业“计算机组成原理”课程的教材，也可供从事计算机工作的工程技术人员参考。','images/Book_Main_imgs/demo.jpg'),(2014002071,'c#图解教程','苏林','计算机科学',33,'2016-03-03',21,'《C#图解教程》是一本经典的C#入门书，不仅适合没有任何编程语言基础的初级读者，而且还是有VB、C++等语言基础的C#初学者的最佳选择。\n用图说话，最易学的C#教程，Amazon全五星盛誉，涵盖VisualC#2008和.NET3.5最新特性。\n作为.NET平台上最主要的编程语言，C#在不断地改进和完善，功能越来越强大。当然，复杂性也随之增加。令很多初学者不得其门而入。\n如何才能让更多人轻松地学习和掌握C#呢？《C#图解教程》作者总结了自己数十年软件开发和教学培训经验，创造了一种全新的可视化叙述方式。在书中，他通过大量图、表和代码，与简洁的文字完美结合，从底层运行原理的角度阐述了最新版C#和NET的所有基本特性，并讲解了LINQ、异步编程和反射等高级特性，使原本非常复杂的知识点变得简单明了、清晰透彻，让人耳目一新，大大降低了学习难度。阅读《C#图解教程》时，你仿佛置身于课堂。看着一位经验丰富的老师拿着粉笔画图演示，娓娓道来。《C#图解教程》原版一经问世.就赢得广泛好评，被誉为C#入门经典著作。不仅适合自学，也是课堂教学的首选。','images/Book_Main_imgs/demo.jpg'),(2014002081,'第一行代码：Java','郭林','计算机科学',45,'2014-06-06',48,'《第一行代码——Android》是Android初学者的最佳入门书。全书由浅入深、系统全面地讲解了Android软件开发的方方面面。第1章带领你搭建Android开发环境，完成你的第一个Android程序。第2章至第13章完整地讲解了Android开发中的各种基本知识和关键技术，包括四大组件、UI、碎片、广播机制、数据存储、服务、多媒体、网络、定位服务、传感器，以及分布式版本控制系统Git的使用等等。在部分章节会穿插相关技术的高级使用技巧。第14章和第15章则将带领你编写一个完整的项目，教会你如何打包、上架、嵌入广告并获得盈利。《第一行代码——Android》内容通俗易懂，既适合初学者循序渐进地阅读，也可作为一本参考手册，随时查阅。','images/Book_Main_imgs/img2014002081.jpg'),(2014002091,'毛泽东思想和中国社会主义理论体系概伦','吴树青','政治实时',11,'2015-04-07',47,'毛泽东思想和中国特色社会主义理论体系概论课程是一门思想政治理论课，其主要任务是帮助学生学习毛泽东思想和中国特色社会主义理论体系的基本内容，帮助学生理解毛泽东思想和中国特色社会主义理论体系是马克思主义的基本原理与中国实际相结合的两次伟大的理论成果，是中国共产党集体智慧的结晶。为了加强高等学校思想政治理论课教学，提高思想政治理论课教学针对性和实效性，我们组织编写了这本《毛泽东思想和中国特色社会主义理论体系概论》一书。本书在编写过程中着力贯彻党的十七大精神，结合学生在学习这门课时遇到的问题，进行重点阐述，增强了思想政治理论课的针对性和实用性。通过本书的学习，培养学生运用马克思主义的立场、观点和方法分析问题、解决问题的能力，增强贯彻党的基本理论、基本路线、基本纲领以及各项方针政策的自觉性、坚定性，积极投身到全面建设小康社会的伟大实践，是我们出版本书的目的。本教材在编写过程中，参阅了大量的教材、著作和文献，吸收、借鉴国内外很多专家学者的研究成果，得到经济科学出版社的理解和大力支持，在此表示诚挚的感谢。限于编者水平及编写时间，书中难免有不妥之处，敬请各位读者、专家批评指正。','images/Book_Main_imgs/demo.jpg'),(2014002092,'刘道林的奇闻轶事','村上春树','人文艺术',0,'2017-09-11',60,'《无限恐怖》是zhttty所写的著名网络小说。开创了国内网络原创文学“无限流”的第一本作品。被誉为2007年度最值得看的小说。确立了后世无限流小说的主要样式：由现世所未知的科技创造的独特空间；把现世之人召唤过去并且将人送往类似电影的平行宇宙进行历练；获得各种奖励由此可促进人体进化等。作者不走老套的玄幻的小说路线，而是采用了用电影来铺设情节，使情节更加的充满变数。','images/Book_Main_imgs/demo.jpg'),(2014002093,'狂人日记','鲁迅','人文科学',77,'2016-01-03',33,'《狂人日记》是鲁迅创作的第一个短篇白话日记体小说，也是中国第一部现代白话文小说，写于1918年4月。该文首发于1918年5月15日4卷5号的《新青年》月刊，后收入《呐喊》集，编入《鲁迅全集》第一卷。[1] \n小说通过被迫害者“狂人”的形象以及“狂人”的自述式的描写，揭示了封建礼教的“吃人”本质，表现了作者对以封建礼教为主体内涵的中国封建文化的反抗；也表现了作者深刻的忏悔意识。作者以彻底的“革命民主主义”的立场对中国的文化进行了深刻的反思，同时对中国的甚至是人类的前途表达了深广的忧愤。[2] ','images/Book_Main_imgs/img2014002093.jpg'),(2014002094,'Matlab智能算法30个案例分析','清华大学','计算机科学',0,'2018-10-10',55,'智能优化算法要解决的一般是最优化问题。最优化问题可以分为（1）求解一个函数中，使得函数值最小的自变量取值的函数优化问题和（2）在一个解空间里面，寻找最优解，使目标函数值最小的组合优化问题。典型的组合优化问题有：旅行商问题（Traveling Salesman Problem，TSP），加工调度问题（Scheduling Problem），0－1背包问题（Knapsack Problem），以及装箱问题（Bin Packing Problem）等。\n优化算法有很多，经典算法包括：有线性规划，动态规划等；改进型局部搜索算法包括爬山法，最速下降法等，本文介绍的模拟退火、遗传算法以及禁忌搜索称作指导性搜索法。而神经网络，混沌搜索则属于系统动态演化方法。\n优化思想里面经常提到邻域函数，它的作用是指出如何由当前解得到一个（组）新解。其具体实现方式要根据具体问题分析来定。','images/Book_Main_imgs/demo.jpg'),(2014002103,'二狗子三猪','狗子','生物科学研究',0,'2017-1-04',1,'生物（英语：Biology，又称生命体、有机体）是有生命的个体。生物最重要和基本的特征在于生物进行新陈代谢（又称分泌物）及遗传。生物具备合成代谢以及分解代谢，这是互相相反的两个过程，并且可以繁殖下去, 这是生命现象的基础。自然界是由生物和非生物的物质和能量组成的，无生命的(包括物质和能量)叫做非生物，（新陈代谢是生物与非生物最本质的区别）。\n地球上的植物大约有50多万种，动物约有150多万种。多种多样的生物不仅维持了自然界的持续发展，而且是人类赖以生存和发展的基本条件。但是现存的动物急剧减少，只有原来地球上的动物的十分之一。','images/Book_Main_imgs/img2014002103.jpg'),(2014002104,'测试','测试卷','测试',10,'2014-10-10',2000,'用于全面考察被试运用语言的能力，考察能否把所掌握的语言知识要素综合起来并加以运用。\n标准化测试和非标准化测试。\n标准化测验特指采用客观性试题的、标有信度、效度、难度、区分度等各种测量学指标的、建立了常模的、在统一的环境和条件下施测的、由专业机构或专业人士开发或参与、指导开发的测试。主要包括四个环节：1、试题编制的标准化2、测验实施的标准化3、阅卷评分的标准化4、分数转化与解释的标准化。','images/Book_Main_imgs/img2014002104.jpg'),(2014002106,'我的职业是小说家',' [日] 村上春树 ','海外文学',10,'2017-1-1',10,'《我的职业是小说家》是村上春树首部自传性作品，历时六年完成。\n一个人，写作三十五年，十三部长篇小说，超过五十种语言译本。虽然拥有享誉世界的知名度，但关于村上春树，许多事情始终包裹在神秘的面纱中：他是怎样下定决心走上职业小说家之路？对他来说，人生中幸福的事是什么？究竟如何看待芥川奖与诺贝尔文学奖…[1] \n小说家看似风光，却是份孤独的职业。三十五年来，村上春树在孤独中编织着美妙动人的故事。他以十二章肺腑之言，真挚诚恳又不失幽默地讲述自己写作道路上的故事，和追逐梦想与幸福的人生往事。\n不论是作为声名显赫的作家，还是认真生活的普通人，他的故事都为人们带来信心和勇气。《我的职业是小说家》就是村上春树热爱生活、追求梦想的真实写照。[1] ','images/Book_Main_imgs/img2014002106.jpg'),(2014002107,'跟菲利大叔学手绘：漫步水彩',' [德] 菲利克斯·沙因伯格 ','人文艺术',10,'2017-1-1',40,'手绘是从事建筑、服饰陈列设计、橱窗设计、家居软装设计、空间花艺设计、美术、园林、环艺、摄影、工业设计、视觉传达等专业学习的学生一门重要的专业必修课程。在效果图的学习过程中，临摹是一个非常重要的内容与环节。它是衡量大学生手绘能力的重要指标。同时对大学生毕业，就业都具有很大的影响。与其相对应的是电脑效果图。\n手绘与我们的现代生活密不可分，建筑、服装、插画、动漫……手绘的形式分门别类，各具专业性，对建筑师、研究学者、设计人员等设计绘图相关职业的人来说，手绘设计的学习是一个贯穿职业生涯的过程。手绘培训是一种以手绘技能需求为对象的教育训练，对现代社会设计美学的传承有着不可取代的现实意义。\n手绘是应用于各个行业手工绘制图案的技术手法，设计类手绘主要是前期构思设计方案的研究型手绘和设计成果部分的表现型手绘，前期部分被称为草图，成果部分被称为表现图或者效果图。手绘内容很广阔，所以言语无法尽善表达。','images/Book_Main_imgs/img2014002107.jpg'),(2014002108,'重生',' [美] 斯蒂芬·金 ','人文文艺',23,'2016-12-01',90,'（拼音：chóng shēng） 再生；复活。《南史·谢惠连传》：“ 灵运见其新文，每曰：‘ 张华 重生，不能易也。’”《初刻拍案惊奇》卷九：“令爱小姐与小壻实是夙缘未绝，得以重生。” 鲁迅《彷徨·伤逝》：“我们只在灯下对坐的怀旧谭中，回味那时冲突以后的和解的重生一般的乐趣。”\n2.（拼音：zhòng shēng）\n(1).谓珍重身体，爱惜生命。道家以生命为贵，以富贵利欲足以妨其生，故强调重生轻物。\n《庄子·让王》：“重生则利轻。” 陆德明 释文引 李颐 曰：“重存生之道者，则名利轻。”《韩非子·解老》：“爱子者慈於子，重生者慈於身，贵功者慈於事。”《吕氏春秋·本生》：“故古之人有不肎富贵者矣，由重生故也。”','images/Book_Main_imgs/img2014002108.jpg'),(2014002109,'直到那一天','[法] 米歇尔·普西 ','海外文学',1,'2016-12-13',100,'《直到那一天》这首歌是电视剧《女医·明妃传》的片尾曲。因为龚淑君曾给电视剧《步步惊心》创作过插曲，片方认为龚淑君对古装纯爱剧有着准确定位，因此邀请她创作这首歌[2]  。刘惜君希望通过这一首歌曲的演绎，让更多的朋友能够体会到歌曲中所描绘的故事[3]  。刘惜君说，这首歌展现了电视剧中明妃对医术的执着，为了梦想牺牲，放弃了很多，令她很感动[4]  。','images/Book_Main_imgs/img2014002109.jpg'),(2014002113,'刘盗铃传奇','刘枭老狗','计算机科学',22,'2017-09-09',111,'《楚留香传奇》为著名武侠小说家古龙邀请金庸为其构思，并由自己亲自写作的武侠小说，古龙在散文集《谁来跟我干杯》中透漏了这一点。该作主要讲述了以楚留香为主角的，演绎江湖各种爱恨情仇的故事。楚留香是武侠界里最著名的武侠人物，江湖中人尊称他“盗帅”、“香帅”。他为人风流倜傥，足智多谋，观察入微，善良多情。在书中，他多次揭破错综复杂的阴谋，也多次以他的机智、经验和镇定赢得了本来武功高他数倍的高手。尤其轻功高绝，世上无人可及。他的师承极为神秘，江湖上知晓的人极少。连无所不知的水母阴姬门下也只推测出他是夜帝的关门弟子；另一说法则为与铁中棠有渊源，因为铁中棠在地洞被困期间，夜帝曾传授武功。[见古龙小说《大旗英雄传》（又名《铁血大旗》）]。在少年时代，楚留香与胡铁花、姬冰雁一起，被誉为“雁蝶为双翼，花香满人间。“香帅系列”的作品，显然是古龙最意气风发时的作品，机智聪敏、正义凛然、风流潇洒的“盗帅楚留香”，无疑是古龙自身的写照（尽管过于美化了），以风流侠盗为书中主角，饮美酒、披纨素、乘宝舟、伴红袖，浪子典型，一变而为侠客楷模，这样的摹写角度，可以说是“前无古人”的，自不难想见其所引起的瞩目；而偏偏他又巧妙模仿了法国作家卢布朗笔下的怪盗亚森罗宾的侦探技法，让楚留香巧仗机智与武功，屡破奇案，连偷盗玉观音之举，都写得风神蕴藉，更令人惊艳。','images/Book_Main_imgs/demo.jpg');

#
# Structure for table "tb_employee"
#

DROP TABLE IF EXISTS `tb_employee`;
CREATE TABLE `tb_employee` (
  `id` int(10) unsigned NOT NULL AUTO_INCREMENT,
  `firstName` varchar(32) NOT NULL DEFAULT '',
  `lastName` varchar(32) NOT NULL DEFAULT '',
  PRIMARY KEY (`id`)
) ENGINE=InnoDB AUTO_INCREMENT=12122 DEFAULT CHARSET=utf8;

#
# Data for table "tb_employee"
#

INSERT INTO `tb_employee` VALUES (11,'钱坤666','小坤子'),(99,'11','22'),(666,'刘盗铃','漏光'),(12121,'eeee','www');

#
# Structure for table "tb_system_message"
#

DROP TABLE IF EXISTS `tb_system_message`;
CREATE TABLE `tb_system_message` (
  `Id` int(11) NOT NULL AUTO_INCREMENT,
  `Time` varchar(255) DEFAULT NULL,
  `Info` varchar(255) DEFAULT NULL,
  PRIMARY KEY (`Id`)
) ENGINE=InnoDB AUTO_INCREMENT=11 DEFAULT CHARSET=utf8;

#
# Data for table "tb_system_message"
#

INSERT INTO `tb_system_message` VALUES (7,'Thu Jun 15 00:49:03 CST 2017','这是服务器的一测，欢迎各位用户体验我们的系统!'),(8,'Thu Jun 15 00:49:35 CST 2017','这是服务器的2测，欢迎各位用户体验我们的系统!'),(9,'Thu Jun 15 08:28:09 CST 2017','这是答辩测试！！！'),(10,'Thu Jun 15 08:41:51 CST 2017','测试！');

#
# Structure for table "test"
#

DROP TABLE IF EXISTS `test`;
CREATE TABLE `test` (
  `id` varchar(255) NOT NULL DEFAULT '',
  `name` varchar(255) DEFAULT NULL,
  `pwd` varchar(255) DEFAULT NULL,
  PRIMARY KEY (`id`)
) ENGINE=InnoDB DEFAULT CHARSET=utf8;

#
# Data for table "test"
#


#
# Structure for table "test_chart"
#

DROP TABLE IF EXISTS `test_chart`;
CREATE TABLE `test_chart` (
  `Id` int(11) NOT NULL AUTO_INCREMENT,
  `FangWen` varchar(255) DEFAULT NULL,
  `XiaoShou` varchar(255) DEFAULT NULL,
  `Pinglun` varchar(255) DEFAULT NULL,
  `YongHu` varchar(255) DEFAULT NULL,
  `JieChu` varchar(255) DEFAULT NULL,
  `WeiHuan` varchar(255) DEFAULT NULL,
  `DaiDing1` varchar(255) DEFAULT NULL,
  `DaiDing2` varchar(255) DEFAULT NULL,
  `chart1_1` varchar(255) DEFAULT NULL,
  `chart1_2` varchar(255) DEFAULT NULL,
  PRIMARY KEY (`Id`)
) ENGINE=InnoDB AUTO_INCREMENT=2 DEFAULT CHARSET=utf8;

#
# Data for table "test_chart"
#

INSERT INTO `test_chart` VALUES (1,'2000','21','29','19','65','90','34','22','[10, 12, 36, 25, 100 ,5, 12]\r','[15, 20, 30, 10, 13, 20,4]\r');

#
# Structure for table "user"
#

DROP TABLE IF EXISTS `user`;
CREATE TABLE `user` (
  `Id` varchar(50) NOT NULL DEFAULT '',
  `Password` varchar(50) NOT NULL DEFAULT '',
  `Name` varchar(50) NOT NULL DEFAULT '',
  `Tel` bigint(11) DEFAULT NULL,
  `Registration_time` varchar(255) DEFAULT NULL,
  `Level` int(1) DEFAULT '0',
  `Nick_Name` varchar(255) DEFAULT '共产主义者',
  `User_Info` varchar(1000) NOT NULL DEFAULT '用户很懒~什么都没留下',
  `Img` varchar(255) DEFAULT 'images\\User_imgs\\demo.jpg',
  PRIMARY KEY (`Id`)
) ENGINE=InnoDB DEFAULT CHARSET=utf8;

#
# Data for table "user"
#

INSERT INTO `user` VALUES ('000@000','admin1','刘道林小垃圾',111,'Tue Jun 13 09:42:11 CST 2017',0,'共产主义者','用户很懒~什么都没留下','images\\User_imgs\\demo.jpg'),('1010fd@2222.com','111qqq','fsdfdsf',18146717780,'Tue Dec 20 11:15:11 CST 2016',1,'共产主义者','用户很懒~什么都没留下','images\\User_imgs\\demo.jpg'),('110@110.com','admin11','我是乾坤小子',13607089999,'Tue Jun 13 01:06:21 CST 2017',0,'共产主义者','本人性格开朗、稳重、有活力，待人热情、真诚。工作认真负责，积极主动，能吃苦耐劳;喜欢思考，虚心与人交流,以取长补短。有较强的组织能力、实际动手能力和团体协作精神，能迅速的适应各种环境，并融合其中。在实习期间善于把检验结果与病人具体病情结合分析;社会责任感强,踏实肯干,主动争取锻炼机会。\r\n\r\n　　简历自我介绍：我不断地完善自己，提高自身素质。我在学好专业课与公共课的基础上，还阅读了大量的课外书籍，不断地增加新知识，陶冶情操、开拓视野。不仅如此，我还积极参加社会实践活动，和各种文体活动，培养了我一定的组织与社交能力。本人热爱篮球、羽毛球、跑步、下棋、唱歌。\r\n\r\n　　简历自我介绍：我是一个认真工作，认真钻研，勇于创新的人。能熟练运用电脑，掌握一定的office办公软件，与老师与同学保持着紧密的关系，乐于帮助同学解决学习与生活上的麻烦，善于总结归纳，善于沟通，有良好的敬业作风和团队合作精神。已熟悉与掌握本专业的相关知识，在大学4年间学会刻苦耐劳，努力钻研，学以致用，这就是我们所追寻的宝藏。\r\n\r\n　　简历自我介绍：对待工作认真负责，善于沟通、协调有较强的组织能力与团队精神;活泼开朗、乐观上进、有爱心并善于施教并行;上进心强、勤于学习能不断提高自身的能力与综合素质。在未来的工作中，我将以充沛的精力，刻苦钻研的精神来努力工作，稳定地提高自己的工作能力，与公司同步发展。\r\n\r\n　　简历自我介绍：积极主动、独立性强、具有高度的责任感和敬业精神，待人真诚、诚实守信、团结协作意识强，能够吃苦耐劳，勇于挑战新事物，具有一定的开拓创新能力， “踏实做事，诚实做人”是我为人处世的原则。\r\n\r\n　　简历自我介绍：我是一个性格开朗,外向的小伙子.学习刻苦认真,成绩优秀,为人诚实守信,有很强的责任感,有团队意识和合作精神,吃苦耐劳,现在我拥有年轻和知识,我可以用热情和活力,自信和学识来克服毕业后生活和工作的各种困难,用自己的学习能力和分析处理问题的协调,管理能力去完成今后美丽的人生.','images/User_imgs/110@110.com.gif'),('111','111','dasdasdA',13607080002,'Mon Dec 05 19:51:51 CST 2016',1,'共产主义者','用户很懒~什么都没留下','images\\User_imgs\\demo.jpg'),('111111','11','111',111,'Wed Jun 14 14:49:35 CST 2017',0,'共产主义者','用户很懒~什么都没留下','images\\User_imgs\\demo.jpg'),('1111111','11','111',111,'Wed Jun 14 14:52:29 CST 2017',0,'共产主义者','用户很懒~什么都没留下','images\\User_imgs\\demo.jpg'),('1111111ff','11','111',111,'Wed Jun 14 14:54:57 CST 2017',0,'共产主义者','用户很懒~什么都没留下','images\\User_imgs\\demo.jpg'),('111@111.com','admin1','admin222',222,'Tue Jun 13 09:20:24 CST 2017',0,'共产主义者','用户很懒~什么都没留下','images\\User_imgs\\demo.jpg'),('111@admin','admin1','111',1111,'Tue Jun 13 09:11:05 CST 2017',0,'共产主义者','用户很懒~什么都没留下','images\\User_imgs\\demo.jpg'),('111ffdsfasdf','dadas','dsada',11,'Wed Jun 14 21:56:30 CST 2017',0,'共产主义者','用户很懒~什么都没留下','images\\User_imgs\\demo.jpg'),('111rrr','11','11',11,'Wed Jun 14 14:53:52 CST 2017',0,'共产主义者','用户很懒~什么都没留下','images\\User_imgs\\demo.jpg'),('111rrr555','11','11',11,'Wed Jun 14 14:54:11 CST 2017',0,'共产主义者','用户很懒~什么都没留下','images\\User_imgs\\demo.jpg'),('111rrr55533','11','11',11,'Wed Jun 14 14:55:30 CST 2017',0,'共产主义者','用户很懒~什么都没留下','images\\User_imgs\\demo.jpg'),('122','33','3333',33,'Wed Jun 14 14:52:45 CST 2017',0,'共产主义者','用户很懒~什么都没留下','images\\User_imgs\\demo.jpg'),('122555','33','3333',33,'Wed Jun 14 14:53:13 CST 2017',0,'共产主义者','用户很懒~什么都没留下','images\\User_imgs\\demo.jpg'),('122555111','33','3333',33,'Wed Jun 14 14:53:40 CST 2017',0,'共产主义者','用户很懒~什么都没留下','images\\User_imgs\\demo.jpg'),('123@123.123','asd123','111',111,'Tue Dec 27 23:55:35 CST 2016',0,'共产主义者','用户很懒~什么都没留下','images\\User_imgs\\demo.jpg'),('123@123.com','admin1','ss',11,'Tue Jun 13 16:45:47 CST 2017',0,'共产主义者','用户很懒~什么都没留下','images\\User_imgs\\demo.jpg'),('233@233.com','admin1','道灵',112,'Wed Jun 14 14:11:51 CST 2017',0,'共产主义者','谁说我懒 爸爸贼勤快','images\\User_imgs\\demo.jpg'),('26483@qq.com','123456qwe','刘半仙',15784945112,'Wed Jan 04 18:00:15 CST 2017',0,'共产主义者','用户很懒~什么都没留下','images/User_imgs/26483@qq.com.jpg'),('312312dsdada','11111','11111',11111,'Tue Jan 03 18:56:48 CST 2017',0,'共产主义者','用户很懒~什么都没留下','images\\User_imgs\\demo.jpg'),('313123dadads','11111','11111',11111,'Tue Jan 03 18:57:39 CST 2017',0,'共产主义者','用户很懒~什么都没留下','images\\User_imgs\\demo.jpg'),('333@333.com','admin1','aaa',111,'Tue Jun 13 16:42:49 CST 2017',0,'共产主义者','用户很懒~什么都没留下','images\\User_imgs\\demo.jpg'),('333@qq.com','admin1','www',11,'Tue Jun 13 16:48:43 CST 2017',0,'共产主义者','用户很懒~什么都没留下','images\\User_imgs\\demo.jpg'),('5545@55.com','111qqq','bfgf',18146717780,'Tue Dec 20 09:25:52 CST 2016',0,'共产主义者','用户很懒~什么都没留下','images\\User_imgs\\demo.jpg'),('555@555.com','admin1','admin99',1111,'Tue Jun 13 09:38:25 CST 2017',0,'共产主义者','用户很懒~什么都没留下','images\\User_imgs\\demo.jpg'),('65464@qq.com','111abc','哈哈哈',16546456451,'Wed Apr 05 08:28:57 CST 2017',0,'共产主义者','用户很懒~什么都没留下','images\\User_imgs\\demo.jpg'),('666@666','admin','刘老狗',1111,'Tue Dec 20 11:15:11 CST 2016',0,'共产主义者','大家好我是刘枭老狗！最帅咯','images/User_imgs/666@666.jpg'),('777@777','admin','你丑你煞笔',110,'Wed Jan 04 17:48:05 CST 2017',0,'共产主义者','用户很懒~什么都没留下','images/User_imgs/777@777.gif'),('8365@qq.com','asd123456','tutusb',12306,'Wed Jan 04 11:07:37 CST 2017',0,'共产主义者','用户很懒~什么都没留下','images\\User_imgs\\demo.jpg'),('888@888','admin','傻逼',110120119,'Tue Jun 13 08:58:00 CST 2017',0,'共产主义者','用户很懒~什么都没留下','images\\User_imgs\\demo.jpg'),('999@999','admin1','admin1',1555,'Tue Jun 13 09:17:23 CST 2017',0,'共产主义者','用户很懒~什么都没留下','images\\User_imgs\\demo.jpg'),('a001@11.com','a000000','nihao',18900802131,'Fri Jun 02 22:28:02 CST 2017',0,'共产主义者','用户很懒~什么都没留下','images\\User_imgs\\demo.jpg'),('aaa@aaa','aaa','111',123,'Wed Dec 28 14:53:59 CST 2016',0,'共产主义者','用户很懒~什么都没留下','images\\User_imgs\\demo.jpg'),('admin@admin','admin','管理员刘道长',110000,'Tue Dec 06 14:23:36 CST 2016',1,'共产主义者','党的十八大报告强调指出：“倡导富强、民主、文明、和谐，倡导自由、平等、公正、法治，倡导爱国、敬业、诚信、友善，积极培育和践行社会主义核心价值观。”这一论述明确了社会主义核心价值观的基本理念和具体内容，指出了社会主义核心价值体系建设的现实着力点，是对社会主义核心价值体系建设的新部署、新要求。正确理解社会主义核心价值观的内涵，深刻把握积极培育和践行社会主义核心价值观的重要性，对于推进社会主义核心价值体系建设，用社会主义核心价值体系引领社会思潮、凝聚社会共识，具有重要的理论意义和实践意义。核心价值观是社会核心价值体系基本理念的统一体，直接反映核心价值体系的本质规定性，贯穿于社会核心价值体系基本内容的各个方面。社会主义核心价值观是社会主义核心价值体系最深层的精神内核，是现阶段全国人民对社会主义核心价值观具体内容的最大公约数的表述，具有强大的感召力、凝聚力和引导力。党的十八大报告关于社会主义核心价值观的表述，对社会主义核心价值体系基本内容进行了凝练，是重要理论创新成果。是的测试！','images/User_imgs/admin@admin.gif'),('admin@admin.com','admin','对对对',11,'Sun Jun 11 13:50:54 CST 2017',0,'共产主义者','用户很懒~什么都没留下','images\\User_imgs\\demo.jpg'),('ads222ajdh1111','11111','11111',11111,'Tue Jan 03 18:59:48 CST 2017',0,'共产主义者','用户很懒~什么都没留下','images\\User_imgs\\demo.jpg'),('ads2232323fsfds','11111','11111',11111,'Tue Jan 03 19:00:01 CST 2017',0,'共产主义者','用户很懒~什么都没留下','images\\User_imgs\\demo.jpg'),('adsadasda','dsadasda','发生大火焚毁扫地',123131,'Wed Dec 07 21:53:12 CST 2016',0,'共产主义者','用户很懒~什么都没留下','images\\User_imgs\\demo.jpg'),('auus@auus.com','admin111','天下最5',110,'Tue Jun 13 01:03:43 CST 2017',0,'共产主义者','用户很懒~什么都没留下','images\\User_imgs\\demo.jpg'),('hyk@hyk.cn','hyk123','hyk',110,'Mon Jan 09 10:22:59 CST 2017',0,'共产主义者','用户很懒~什么都没留下','images/User_imgs/hyk@hyk.cn.jpg'),('liuu@123.com','liuu123','刘枭老狗',18146717780,'Wed Jun 14 08:32:46 CST 2017',0,'共产主义者','用户很懒！！！！！！','images/User_imgs/liuu@123.com.gif'),('pipi@pipi.com','admin1','你好',110,'Wed Jun 14 08:35:55 CST 2017',0,'共产主义者','用户很懒~什么都没留下','images\\User_imgs\\demo.jpg'),('qiankun@qq.com','admin1','乾坤有近诺卡梅雷',13607085555,'Tue Jun 13 16:35:59 CST 2017',0,'共产主义者','用户很懒~什么都没留下','images/User_imgs/qiankun@qq.com.jpg'),('qq1@qq1.com','admin1','真的是数据库打开',111,'Tue Jun 13 16:51:45 CST 2017',0,'共产主义者','用户很懒~什么都没留下','images\\User_imgs\\demo.jpg'),('qqq@qqq','admin','weqwe',15151,'Tue Dec 20 08:33:04 CST 2016',0,'共产主义者','用户很懒~什么都没留下','images\\User_imgs\\demo.jpg'),('test@test.com','admin110','简单简单撒',110,'Thu Jan 05 09:17:49 CST 2017',0,'共产主义者','用户很懒~什么都没留下','images/User_imgs/test@test.com.jpg'),('use@use','admin','鄱阳第一帅刘道长是也',111111111,'Wed Dec 21 23:41:56 CST 2016',0,'共产主义者','用户很有趣，党的十八大提出，倡导富强、民主、文明、和谐，倡导自由、平等、公正、法治，倡导爱国、敬业、诚信、友善，积极培育和践行社会主义核心价值观。富强、民主、文明、和谐是国家层面的价值目标，自由、平等、公正、法治是社会层面的价值取向，爱国、敬业、诚信、友善是公民个人层面的价值准则，这24个字是社会主义核心价值观的基本内容。','images\\User_imgs\\use@use.jpg'),('wyw@qq.com','admin','好看的生物',18146717780,'Mon Dec 12 09:31:36 CST 2016',0,'共产主义者','用户很懒~什么都没留下','images/User_imgs/wyw@qq.com.jpg');

#
# Structure for table "comments"
#

DROP TABLE IF EXISTS `comments`;
CREATE TABLE `comments` (
  `Comments_Id` int(11) NOT NULL AUTO_INCREMENT,
  `User_Id` varchar(255) DEFAULT NULL,
  `User_Name` varchar(255) DEFAULT NULL,
  `Book_Id` varchar(255) DEFAULT NULL,
  `Comments_Time` varchar(255) DEFAULT NULL,
  `Comments_Info` text,
  `User_Img` varchar(255) DEFAULT NULL,
  PRIMARY KEY (`Comments_Id`),
  KEY `User_Id` (`User_Id`),
  CONSTRAINT `comments_ibfk_1` FOREIGN KEY (`User_Id`) REFERENCES `user` (`Id`)
) ENGINE=InnoDB AUTO_INCREMENT=141 DEFAULT CHARSET=utf8;

#
# Data for table "comments"
#

INSERT INTO `comments` VALUES (22,'admin@admin','管理员留金柯夫少校','2014001201','Wed Jan 04 00:24:04 CST 2017',' cajcaisaddjsancjacbasuchauc','images\\User_imgs\\admin@admin.jpg'),(23,'admin@admin','管理员留金柯夫少校','2014001201','Wed Jan 04 00:24:10 CST 2017',' czxczxcxzczxcxzcxzcz','images\\User_imgs\\admin@admin.jpg'),(24,'admin@admin','管理员留金柯夫少校','2014001201','Wed Jan 04 00:24:21 CST 2017',' zcxczxc操作程序操作程序支持最新促销政策执行程序中','images\\User_imgs\\admin@admin.jpg'),(26,'use@use','鄱阳第一帅刘道长是也','2014001201','Wed Jan 04 00:34:11 CST 2017',' MDZZ','images\\User_imgs\\use@use.jpg'),(30,'admin@admin','管理员留金柯夫少校','2014002011','Wed Jan 04 08:13:00 CST 2017',' 三大AJS案件可能是KLNKLA 那么快两年快乐AMNKAL吗卡拉MKL 没考虑MKL是吗。','images\\User_imgs\\admin@admin.jpg'),(31,'admin@admin','管理员留金柯夫少校','2014002011','Wed Jan 04 08:21:28 CST 2017',' 昆明的卡洛斯的吗克拉美凯阿米克没打开耍流氓阿克曼卡门卡拉马卡斯摩拉丝模辣么辣么；刘大妈','images\\User_imgs\\admin@admin.jpg'),(32,'use@use','鄱阳第一帅刘道长是也','2014002033','Wed Jan 04 09:06:49 CST 2017',' 刘道林最帅了，帅到冒泡咯！！！！！！！！！！！！！！！！！！！！！！！！！！！！！！！！！！！！！！！！！！！！！','images\\User_imgs\\use@use.jpg'),(38,'admin@admin','管理员留金柯夫少校','2014002093','Wed Jan 04 09:48:07 CST 2017',' 刘道林没我帅','images\\User_imgs\\admin@admin.jpg'),(40,'admin@admin','管理员留金柯夫少校','2014002092','Wed Jan 04 10:34:33 CST 2017',' 鄱阳第一帅刘道长是我儿子也','images\\User_imgs\\admin@admin.jpg'),(41,'admin@admin','管理员留金柯夫少校','2014002029','Wed Jan 04 10:35:50 CST 2017',' 多一些润滑，少一些摩擦 出自： 统一润滑油。','images\\User_imgs\\admin@admin.jpg'),(42,'admin@admin','管理员留金柯夫少校','2014002029','Wed Jan 04 10:36:50 CST 2017',' 刘道林啊','images\\User_imgs\\admin@admin.jpg'),(44,'666@666','哪吒上树','2014002029','Wed Jan 04 15:12:53 CST 2017',' ','images\\User_imgs\\use@use.jpg'),(47,'admin@admin','管理员留金柯夫少校','2014002030','Wed Jan 04 17:34:46 CST 2017',' 刘道林使得一手好棒子','images\\User_imgs\\admin@admin.jpg'),(48,'admin@admin','管理员留金柯夫少校','2014002030','Wed Jan 04 17:42:29 CST 2017',' 却经常被人怼','images\\User_imgs\\admin@admin.jpg'),(50,'admin@admin','管理员留金柯夫少校','2014002030','Wed Jan 04 17:42:58 CST 2017',' 可能是因为丑吧','images\\User_imgs\\admin@admin.jpg'),(56,'26483@qq.com','刘帅','2014002025','Wed Jan 04 18:03:02 CST 2017',' 我是不是很帅？ 管理员说话啊\r\n','images/User_imgs/26483@qq.com.jpg'),(59,'26483@qq.com','刘帅','2014002025','Wed Jan 04 18:03:22 CST 2017',' 我刘大爷不服','images/User_imgs/26483@qq.com.jpg'),(60,'26483@qq.com','刘帅','2014002025','Wed Jan 04 18:04:01 CST 2017',' 我跟你讲 我刘枭老狗不服 敢打我不 管理员\r\n','images/User_imgs/26483@qq.com.jpg'),(61,'use@use','鄱阳第一帅刘道长是也','2014002025','Wed Jan 04 18:04:07 CST 2017',' 我也觉得 刘枭老狗有毒','images\\User_imgs\\use@use.jpg'),(62,'use@use','鄱阳第一帅刘道长是也','2014002025','Wed Jan 04 18:04:39 CST 2017',' 我不敢打刘枭老狗','images\\User_imgs\\use@use.jpg'),(64,'admin@admin','管理员留金柯夫少校','2014002026','Wed Jan 04 19:07:16 CST 2017',' hhhhh','images\\User_imgs\\admin@admin.jpg'),(72,'777@777','你丑你煞笔','2014002081','Thu Jan 05 00:45:33 CST 2017',' Android入门最佳教材，非常好，形象生动！','images/User_imgs/777@777.jpg'),(75,'admin@admin','管理员留金柯夫少校','2014002104','Thu Jan 05 09:29:08 CST 2017',' 此项政策选择操作存在','images/User_imgs/admin@admin.jpg'),(78,'777@777','你丑你煞笔','2014002051','Thu Jan 05 10:56:59 CST 2017',' 这书好啊','images/User_imgs/777@777.jpg'),(79,'777@777','你丑你煞笔','2014002034','Thu Jan 05 16:48:26 CST 2017',' 哼','images/User_imgs/777@777.jpg'),(81,'777@777','你丑你煞笔','2014002092','Fri Jan 06 11:57:12 CST 2017',' 我帮楼上作证 是真的','images/User_imgs/777@777.jpg'),(83,'admin@admin','管理员留金柯夫少校','2014002028','Sun Jan 08 20:18:13 CST 2017',' 我是大帅比','images/User_imgs/admin@admin.jpg'),(89,'admin@admin','管理员留金柯夫少校','2014002111','Tue Jan 17 09:34:46 CST 2017',' 啊多少级啊的建安大家阿森纳的静安东街and结案的金三角卡地纳','images/User_imgs/admin@admin.jpg'),(91,'admin@admin','管理员留金柯夫少校','2014002029','Fri Mar 17 13:41:47 CST 2017',' 嘿嘿嘿','images/User_imgs/admin@admin.jpg'),(92,'wyw@qq.com','好看的生物','2014002106','Tue May 23 23:21:52 CST 2017',' 评论测试','images/User_imgs/wyw@qq.com.jpg'),(94,'admin@admin','管理员留金柯夫少校','2014002025','Sat May 27 17:52:39 CST 2017',' 刘道林贼蠢\r\n','images/User_imgs/admin@admin.jpg'),(95,'a001@11.com','nihao','2014002025','Fri Jun 02 22:32:07 CST 2017',' 我真是有毛病','images/User_imgs/a001@11.com.jpg'),(96,'a001@11.com','nihao','2014002022','Fri Jun 02 22:33:26 CST 2017',' 你们都有毒','images/User_imgs/a001@11.com.jpg'),(97,'a001@11.com','nihao','2014002022','Fri Jun 02 22:33:36 CST 2017',' 很气啊有没有','images/User_imgs/a001@11.com.jpg'),(101,'admin@admin','管理员留金柯夫少校','2014002014','Sun Jun 11 23:36:20 CST 2017',' 这次一定要测试成功','images/User_imgs/admin@admin.jpg'),(103,'admin@admin','管理员留金柯夫少校','2014002014','Sun Jun 11 23:39:26 CST 2017',' 智障刘盗铃','images/User_imgs/admin@admin.jpg'),(105,'admin@admin','管理员留金柯夫少校','2014002014','Mon Jun 12 21:37:02 CST 2017',' 111','images/User_imgs/admin@admin.jpg'),(111,'777@777','你丑你煞笔','2014002014','Mon Jun 12 22:49:35 CST 2017',' 刘枭老狗','images/User_imgs/777@777.jpg'),(115,'777@777','你丑你煞笔','2014002026','Tue Jun 13 00:49:20 CST 2017',' 各学院：\r\n为持续推动团队高原计划的有效实施，进一步加强课外学术研究活动，现启动2015-2016年团队高原计划的结题及2017年申报工作，具体事项通知如下：\r\n一、结题\r\n结题必须严格根据立项批准的成果形式提出申请。学校将组织专家对课题进行评审，对于不满足结题要求的限期整改后再申请结题。如不能按时结题的请交延期申请一份，必须说明项目进展、主要的困难、预计完成课题时间等。材料上交时间为2017年6月20日前。要求提供一份纸质材料，电子稿通过教务在线发送到教务处陈德强老师信箱。\r\n二、申报\r\n1、申报范围\r\n学科竞赛，发明创造，学术研究，成果转化与应用等。\r\n2、申报条件\r\n（1）项目负责人原则上为在读二年级以上的本科生，项目组可由跨年级、跨专业、跨学院学生自由组合，鼓励跨专业吸纳低年级学生参与。\r\n（2）项目组成员原则上不超过5人，每位学生同一年度只允许参加一个项目的研究。\r\n（3）项目负责人和项目组成员应具有较强的责任心和协作精神，学有余力，成绩优良或学有专长，有较强的创新意识，项目成员应以不影响专业学习为前提开展项目研究工作。\r\n3、选题和立项\r\n各学院根据本单位教师在研项目及其它科研情况，结合专业特点，提供一定数量的选题（原则上每个专业不少于10个）；学生也可以根据自己的兴趣和特长，提供相应的选题，报该学生所在学院；其他单位的教职工可以根据自己的专业方向等情况，向与专业相近的学院提供选题。学院依据选题结果进行组队并确定项目指导老师，同时开展项目研究前期各项准备工作。\r\n项目负责人召集填写项目申报书。指导老师应指导填写项目申报书，提出修改意见，并在修改完善后，将各团队项目申报书及项目申报汇总表（附表二）于6月20日前提交给教务处实践教学科。学校组织专家对项目进行评审，确定重点项目、一般项目和自费项目，经公示后下发文件确定最终入选项目。','images/User_imgs/777@777.jpg'),(117,'777@777','你丑你煞笔','2014002029','Tue Jun 13 00:56:23 CST 2017',' 各学院：\r\n为持续推动团队高原计划的有效实施，进一步加强课外学术研究活动，现启动2015-2016年团队高原计划的结题及2017年申报工作，具体事项通知如下：\r\n一、结题\r\n结题必须严格根据立项批准的成果形式提出申请。学校将组织专家对课题进行评审，对于不满足结题要求的限期整改后再申请结题。如不能按时结题的请交延期申请一份，必须说明项目进展、主要的困难、预计完成课题时间等。材料上交时间为2017年6月20日前。要求提供一份纸质材料，电子稿通过教务在线发送到教务处陈德强老师信箱。\r\n二、申报\r\n1、申报范围\r\n学科竞赛，发明创造，学术研究，成果转化与应用等。\r\n2、申报条件\r\n（1）项目负责人原则上为在读二年级以上的本科生，项目组可由跨年级、跨专业、跨学院学生自由组合，鼓励跨专业吸纳低年级学生参与。\r\n（2）项目组成员原则上不超过5人，每位学生同一年度只允许参加一个项目的研究。\r\n（3）项目负责人和项目组成员应具有较强的责任心和协作精神，学有余力，成绩优良或学有专长，有较强的创新意识，项目成员应以不影响专业学习为前提开展项目研究工作。\r\n3、选题和立项\r\n各学院根据本单位教师在研项目及其它科研情况，结合专业特点，提供一定数量的选题（原则上每个专业不少于10个）；学生也可以根据自己的兴趣和特长，提供相应的选题，报该学生所在学院；其他单位的教职工可以根据自己的专业方向等情况，向与专业相近的学院提供选题。学院依据选题结果进行组队并确定项目指导老师，同时开展项目研究前期各项准备工作。\r\n项目负责人召集填写项目申报书。指导老师应指导填写项目申报书，提出修改意见，并在修改完善后，将各团队项目申报书及项目申报汇总表（附表二）于6月20日前提交给教务处实践教学科。学校组织专家对项目进行评审，确定重点项目、一般项目和自费项目，经公示后下发文件确定最终入选项目。','images/User_imgs/777@777.jpg'),(118,'777@777','你丑你煞笔','2014002029','Tue Jun 13 00:58:07 CST 2017',' 前不久跟人拼Uber，也不知为何，在中国无论是出租车司机还是网约车司机，谈及政治总是指点江山挥斥方遒，言语之间充斥着对扬州时代的不屑，另一位乘客将对现实政治的不满也全都归咎于扬州。作为一个技术官僚，扬州有其局限性，但也不妨碍他在广安的基础上将中国的现代化改革推向深水区，甚至还做了许多广安不敢做的事情，可以说如果没有扬州与长沙两人在上世纪九十年代后五年所做的大刀破斧般的国企改制、积极应对中国进入WTO、处理银行不良资产呆坏账，中国也许到现在也不可能进入到后工业时代。而这也埋下了他为后人所诟病的种子，砸了太多人的饭碗，中国人放下筷子尚且骂娘，何况你还动了别人吃饭的家伙。无论今人如何评述，扬州的历史地位正如作者书名标题所言“他改变了中国”，二十一世纪的头十年中国发展的轨迹其实都是延续了他的政治传统','images/User_imgs/777@777.jpg'),(119,'777@777','你丑你煞笔','2014002030','Tue Jun 13 01:00:49 CST 2017',' 蒋介石日记在首次开放时，一本手抄本《圣经》首次曝光，其中多处有蒋的眉批，非常引人注目。\r\n据代表蒋家审读日记的宋曹琍璇介绍，这本手抄本《圣经》，系由蒋的侍从秘书手抄，为翻译成中文的文言文版本，共6册，蒋氏不仅认真看了3遍，时有圈点、眉批，眉批后，还标有日期。“蒋公对此一丝不苟，他是把信仰当成guideline（指引）了。”\r\n这本《圣经》曾经引起郭岱君极大的兴趣。蒋在世时，外界纷传他笃信基督教，但多为口耳相传，少见可靠证据。这本手抄本《圣经》的出现，以及日记对其个人信仰的记载，可以比较可靠地解释这个疑问。\r\n另外坊间也有传闻认为，蒋出于与宋家联姻的政治目的，才承认自己信仰基督教。\r\n此次公开的蒋氏日记显示，蒋在与宋美龄成婚之前，宋母倪太夫人确有要求蒋信奉基督；蒋当时表现得相当坦诚，他说我不能随口答应你，即使信奉基督，也必须经过自己的研究，待仔细研读《圣经》后再决定，倪太夫人尊重他的态度。1930年，倪太夫人生命的弥留时刻，蒋其实还没有决定成为基督徒，但他在日记中写道，因为岳母对他非常好，为了使老人在离世前得到一点安慰，所以他就在倪夫人去世前，说愿意受洗。\r\n蒋氏的承诺后来确实兑现了，胡佛首次公开的手抄本《圣经》，以及他本人密密麻麻的眉批就是一个令人信服的证明。据日记记载，蒋将这本《圣经》前后通读了三遍，而且眉批中还对基督教的很多主张提出过疑问。\r\n作为接触蒋氏日记最为频繁的人之一，郭岱君认为，蒋介石后来确实成为一个虔诚的基督徒，他在日记里言必称主，在抗战的时候遇到任何困难都进行祷告；在最失败最困顿的时候，他都没有丧失信心，他都没有停止记录自己的言行，而且时刻勉励自己。从中也可以看出他极为强调精神力量的个性，比如抗战中国民党在正面战场屡战屡败，他很痛心；衡阳会战，他本来寄予很大希望，最后还是以失望告终，他在日记中记述说，这次失败对他是一个勉励，一个教训；得意时，他也在日记中提醒自己不要得意忘形，与儒家强调的修身观念非常相近。\r\n1944年下半年，抗日战场日益吃紧的关头，蒋在日记中表示，当时甚至想到自杀。他经常祷告，求主帮助他。他还许诺，如果主能够助自己渡过难关，他一定要建造一个巨大的铁十字架，放在衡山之巅，以示谢恩。\r\n宋曹琍璇透露，受洗后，蒋氏言出必行，每天必早上读圣经，晚上进行祷告。国民党退守台湾后，他在日记中曾多次说到在圣主面前祷告，称如果“神要赋予我这个使命，那么为了中国的统一大业，不惜自己的生命”。他每天早起第一件事就是跪祷。有一篇日记记载，说他有一天凌晨3点就起来跪祷，可此前因为脚痛，医生已经建议他暂停。还有一段记录因为眼疾，朝课跟晚课不得不暂停。可见蒋对待个人信仰规定的仪式可谓中规中矩。\r\n1975年，蒋介石去世，其秘书秦孝仪奉命撰写遗嘱，初稿中曾有“自余束发以来，即追随总理革命，无时不以总理信徒自居”词句，笃信基督教的宋美龄，却指示秦孝仪在原稿中插入“耶稣基督”四字，变成了“无时不以耶稣基督与总理信徒自居”，虽然此举引起朝野及史学界争议，但也反映出蒋对基督的信仰。','images/User_imgs/777@777.jpg'),(120,'777@777','你丑你煞笔','2014002033','Tue Jun 13 01:02:21 CST 2017',' “北平”一词，最早源于战国时燕国置右北平郡。\r\n西汉时北京属广阳国，东汉复为广阳郡，均与右北平隔着渔阳郡。《史记·李将军列传》有“（李）广居右北平”。\r\n西晋时，右北平郡改称北平郡，辖地不变，这是北平历史上第一次出现在行政地区名中。\r\n唐时北平郡改平州，公元714年—公元743年北京为幽州治所，辖大约今天京津两市，置范阳节度使。至此“北平”第一次消失。\r\n明朝洪武元年，即1368年9月12日，大都更名为北平府，取“北方安宁平定”之意，北平又一次成为北京的名称。后明成祖朱棣迁都，作为明朝的都城于明朝永乐十九年（1421年）改名为北京，与南京对应，形成“两京十三司”，此为今名之始。\r\n清朝宣统三年（1911年）辛亥革命后，民国元年（1912年）1月1日，中华民国临时政府定都南京。同年3月，袁世凯将临时政府迁至北京，北京再次成为首都。民国伊始，北京的地方体制仍依清制，称顺天府。直至民国三年（1914年），改顺天府为京兆地方，直辖于北洋政府。这一时期，北京新建了有轨电车系统，和一批现代的文化教育机构，如北京大学、燕京大学、清华大学、辅仁大学、协和医学院等。\r\n民国十七年（1928年）国民革命军北伐，攻北京，张作霖退回关外。后被日本关东军谋刺于皇姑屯，东北易帜，北洋政府结束运作。\r\n北伐战争后，中国的首都回迁南京。撤销京兆地方，改名为北平特别市。民国十九年（1930年）6月，北平降格为河北省辖市，同年12月复升为院辖市，相当于今日的直辖市。这一时期，北京虽不再是首都，但在教育方面仍有关键优势，拥有国立的北京大学，清华大学等著名高校，被国际人士称为“中国的波士顿”。\r\n民国二十六年（1937年）七七事变后，北平被日军占领，将北平改名为北京。民国三十四年（1945年）日本宣布向同盟国投降，中国抗日战争结束。同年8月21日第十一战区孙连仲部接收北京，并恢复原名北平。\r\n为与中国共产党对决，民国三十六年（1947年）11月蒋中正命令于北平成立华北剿匪总司令部。民国三十八年（1949年）1月，傅作义与中国共产党达成和平协定，率中华民国国军25万守军投降，1月31日，中国人民解放军和平进入北平市，并改称北京市，北平市走入历史。[1] ','images/User_imgs/777@777.jpg'),(121,'admin@admin','管理员留金柯夫少校','2014002033','Tue Jun 13 08:37:52 CST 2017',' 66666','images/User_imgs/admin@admin.jpg'),(122,'admin@admin','管理员留金柯夫少校','2014002051','Tue Jun 13 19:53:14 CST 2017','王礼根','images/User_imgs/admin@admin.jpg'),(124,'admin@admin','管理员刘盗铃先生','2014002034','Wed Jun 14 00:44:25 CST 2017',' 《傅雷家书》最早出版于1981年，是当时轰动性的文化事件，三十多年来一直畅销不衰。它是傅雷夫妇在1954年到1966年5月期间写给傅聪和儿媳弥拉的家信，由次子傅敏编辑而成。[1] \r\n这些家书开始于1954年傅聪离家留学波兰，终结至1966年傅雷夫妇“文革”中不堪凌辱，双双自尽。十二年通信数百封，贯穿着傅聪出国学习、演奏成名到结婚生子的成长经历，也映照着傅雷的翻译工作、朋友交往以及傅雷一家的命运起伏。傅雷夫妇非常细心，儿子的信都妥善收藏，重点内容则分类抄录成册。\r\n然而，傅聪的信在“文革”中遗失了，其时傅家家产尽数被抄，傅聪的信也未能幸免。十几年后的一天，上海音乐学院在一间装扫帚等杂物的四平米小屋里，发现了傅雷的一些遗物，其中包括一个黑纸包裹的练习册，标题是《聪儿家信摘录》。1986年，傅聪得知此事后，却坚决不同意发表这些信，因为自感年轻时思想和文字过于稚嫩，无法与父亲相提并论。[2] \r\n因此以前各个版本的《傅雷家书》往往只是傅雷一人的独白，我们只能想像或猜测傅聪如何回应他的父亲，这不能不说是一大遗憾。[2-4] ','images/User_imgs/admin@admin.gif'),(126,'777@777','你丑你煞笔','2014002014','Wed Jun 14 00:52:09 CST 2017',' 刘老狗赛高！','images/User_imgs/777@777.gif'),(129,'666@666','刘枭老狗','2014002014','Wed Jun 14 13:31:33 CST 2017',' 大家好我是运气很好的刘枭老狗','images/User_imgs/666@666.gif'),(130,'666@666','刘老狗','2014002014','Wed Jun 14 13:43:30 CST 2017',' 你好啊','images/User_imgs/666@666.gif'),(131,'233@233.com','道灵','2014002014','Wed Jun 14 14:17:12 CST 2017',' 大家好我是二次元道灵','images/User_imgs/233@233.com.gif'),(132,'233@233.com','道灵','2014002025','Wed Jun 14 14:18:47 CST 2017',' 渣渣','images/User_imgs/233@233.com.gif'),(133,'admin@admin','管理员刘道长','2014002010','Wed Jun 14 17:45:51 CST 2017',' 你大爷啊啊啊啊啊啊啊啊啊啊啊啊啊啊啊啊啊啊啊','images/User_imgs/admin@admin.gif'),(134,'admin@admin','管理员刘道长','2014002010','Wed Jun 14 18:00:22 CST 2017',' 你大爷啊啊啊啊啊啊啊啊啊啊啊啊啊啊啊啊啊啊啊','images/User_imgs/admin@admin.gif'),(135,'admin@admin','管理员刘道长','2014002010','Wed Jun 14 19:11:19 CST 2017',' cnzx,mncm,zxnm,c','images/User_imgs/admin@admin.gif'),(136,'admin@admin','管理员刘道长','2014002010','Wed Jun 14 19:11:23 CST 2017',' adasdasdasdas','images/User_imgs/admin@admin.gif'),(137,'admin@admin','管理员刘道长','2014002010','Wed Jun 14 19:11:31 CST 2017',' dasdasdad大大萨达萨达萨达打算','images/User_imgs/admin@admin.gif'),(138,'liuu@123.com','刘枭老狗','2014002010','Wed Jun 14 19:30:23 CST 2017',' 对此，我很抱歉！抱歉！！抱歉！！！ 炎爆~~~','images/User_imgs/liuu@123.com.gif'),(140,'admin@admin','管理员刘道长','2014002014','Thu Jun 15 08:44:14 CST 2017',' 你好','images/User_imgs/admin@admin.gif');

#
# Structure for table "bookNumber"
#

DROP VIEW IF EXISTS `bookNumber`;
CREATE VIEW `bookNumber` AS 
  select count(0) AS `bookNumber` from `book_info`;

#
# Structure for table "usersNumber"
#

DROP VIEW IF EXISTS `usersNumber`;
CREATE VIEW `usersNumber` AS 
  select count(0) AS `usersNumber` from `user`;
